{
    "counter": {
        "ACTIVE": 16122,
        "INACTIVE": 4877,
        "INVALID": 0,
        "MALICIOUS": 0,
        "SANE": 0,
        "VALID": 0,
        "total": 20999
    },
    "percentage": {
        "ACTIVE": 76.77508452783466,
        "INACTIVE": 23.226021525859604,
        "INVALID": 0,
        "MALICIOUS": 0,
        "SANE": 0,
        "VALID": 0,
        "total": 100.00110605369427
    }
}