{
    "counter": {
        "ACTIVE": 15712,
        "INACTIVE": 5287,
        "INVALID": 0,
        "MALICIOUS": 0,
        "SANE": 0,
        "VALID": 0,
        "total": 20999
    },
    "percentage": {
        "ACTIVE": 74.82261060050479,
        "INACTIVE": 25.197788580688208,
        "INVALID": 0,
        "MALICIOUS": 0,
        "SANE": 0,
        "VALID": 0,
        "total": 100.020399181193
    }
}