{
    "counter": {
        "ACTIVE": 15852,
        "INACTIVE": 5147,
        "INVALID": 0,
        "MALICIOUS": 0,
        "SANE": 0,
        "VALID": 0,
        "total": 20999
    },
    "percentage": {
        "ACTIVE": 75.48930901471499,
        "INACTIVE": 24.5340578673912,
        "INVALID": 0,
        "MALICIOUS": 0,
        "SANE": 0,
        "VALID": 0,
        "total": 100.02336688210619
    }
}