{
    "counter": {
        "ACTIVE": 15538,
        "INACTIVE": 5461,
        "INVALID": 0,
        "MALICIOUS": 0,
        "SANE": 0,
        "VALID": 0,
        "total": 20999
    },
    "percentage": {
        "ACTIVE": 73.9939997142721,
        "INACTIVE": 26.027070822609858,
        "INVALID": 0,
        "MALICIOUS": 0,
        "SANE": 0,
        "VALID": 0,
        "total": 100.02107053688196
    }
}