{
    "counter": {
        "ACTIVE": 14258,
        "INACTIVE": 6741,
        "INVALID": 0,
        "MALICIOUS": 0,
        "SANE": 0,
        "VALID": 0,
        "total": 20999
    },
    "percentage": {
        "ACTIVE": 67.89847135577885,
        "INACTIVE": 32.101528644221155,
        "INVALID": 0.0,
        "MALICIOUS": 0.0,
        "SANE": 0.0,
        "VALID": 0.0,
        "total": 100.0
    }
}