{
    "counter": {
        "ACTIVE": 15404,
        "INACTIVE": 5596,
        "INVALID": 0,
        "MALICIOUS": 0,
        "SANE": 0,
        "VALID": 0,
        "total": 21000
    },
    "percentage": {
        "ACTIVE": 73.35587408924235,
        "INACTIVE": 26.64761904761905,
        "INVALID": 0,
        "MALICIOUS": 0,
        "SANE": 0,
        "VALID": 0,
        "total": 100.0034931368614
    }
}