{
    "counter": {
        "ACTIVE": 16275,
        "INACTIVE": 4724,
        "INVALID": 0,
        "MALICIOUS": 0,
        "SANE": 0,
        "VALID": 0,
        "total": 20999
    },
    "percentage": {
        "ACTIVE": 77.50369065193581,
        "INACTIVE": 22.517755851089184,
        "INVALID": 0,
        "MALICIOUS": 0,
        "SANE": 0,
        "VALID": 0,
        "total": 100.021446503025
    }
}