{
    "counter": {
        "ACTIVE": 15344,
        "INACTIVE": 5655,
        "INVALID": 0,
        "MALICIOUS": 0,
        "SANE": 0,
        "VALID": 0,
        "total": 20999
    },
    "percentage": {
        "ACTIVE": 73.07014619743798,
        "INACTIVE": 26.95167286245353,
        "INVALID": 0,
        "MALICIOUS": 0,
        "SANE": 0,
        "VALID": 0,
        "total": 100.02181905989151
    }
}