{
    "counter": {
        "ACTIVE": 14600,
        "INACTIVE": 6399,
        "INVALID": 0,
        "MALICIOUS": 0,
        "SANE": 0,
        "VALID": 0,
        "total": 20999
    },
    "percentage": {
        "ACTIVE": 69.52712033906377,
        "INACTIVE": 30.472879660936236,
        "INVALID": 0.0,
        "MALICIOUS": 0.0,
        "SANE": 0.0,
        "VALID": 0.0,
        "total": 100.0
    }
}