{
    "counter": {
        "ACTIVE": 15707,
        "INACTIVE": 5292,
        "INVALID": 0,
        "MALICIOUS": 0,
        "SANE": 0,
        "VALID": 0,
        "total": 20999
    },
    "percentage": {
        "ACTIVE": 74.79879994285442,
        "INACTIVE": 25.221618530168715,
        "INVALID": 0,
        "MALICIOUS": 0,
        "SANE": 0,
        "VALID": 0,
        "total": 100.02041847302313
    }
}